height,width,label
6,767,1
6,768,1
6,769,1
6,770,1
6,771,1
6,1699,11
6,1700,11
6,1701,11
7,767,1
7,768,1
7,769,1
7,770,1
7,771,1
7,1699,11
7,1700,11
7,1701,11
8,767,1
8,768,1
8,769,1
8,770,1
8,771,1
8,1346,9
8,1347,9
8,1348,9
8,1699,11
8,1700,11
8,1701,11
8,1811,2
8,1812,2
8,1813,2
8,1814,2
8,1815,2
8,1816,2
8,1817,2
8,1818,2
8,1819,2
9,767,1
9,768,1
9,769,1
9,770,1
9,771,1
9,1346,9
9,1347,9
9,1348,9
9,1811,2
9,1812,2
9,1813,2
9,1814,2
9,1815,2
9,1816,2
9,1817,2
9,1818,2
9,1819,2
10,767,1
10,768,1
10,769,1
10,770,1
10,771,1
10,1346,9
10,1347,9
10,1348,9
10,1811,2
10,1812,2
10,1813,2
10,1814,2
10,1815,2
10,1816,2
10,1817,2
10,1818,2
10,1819,2
11,1811,2
11,1812,2
11,1813,2
11,1814,2
11,1815,2
11,1816,2
11,1817,2
11,1818,2
11,1819,2
14,594,9
14,595,9
14,596,9
14,597,9
14,598,9
15,594,9
15,595,9
15,596,9
15,597,9
15,598,9
15,758,2
15,759,2
15,888,8
15,889,8
16,594,9
16,595,9
16,596,9
16,597,9
16,598,9
16,758,2
16,759,2
16,888,8
16,889,8
17,594,9
17,595,9
17,596,9
17,597,9
17,598,9
18,54,4
18,55,4
18,56,4
18,57,4
18,58,4
18,59,4
19,54,4
19,55,4
19,56,4
19,57,4
19,58,4
19,59,4
20,54,4
20,55,4
20,56,4
20,57,4
20,58,4
20,59,4
22,549,2
22,550,2
23,549,2
23,550,2
26,519,12
26,520,12
26,521,12
26,1257,10
26,1258,10
26,1259,10
27,519,12
27,520,12
27,521,12
27,1257,10
27,1258,10
27,1259,10
28,519,12
28,520,12
28,521,12
28,1257,10
28,1258,10
28,1259,10
29,1257,10
29,1258,10
29,1259,10
30,1257,10
30,1258,10
30,1259,10
38,1297,11
38,1298,11
39,93,7
39,94,7
39,322,7
39,323,7
39,324,7
39,325,7
39,326,7
39,1296,11
39,1297,11
39,1298,11
39,1299,11
40,38,7
40,39,7
40,40,7
40,93,7
40,94,7
40,118,7
40,119,7
40,120,7
40,322,7
40,323,7
40,324,7
40,325,7
40,326,7
40,1296,11
40,1297,11
40,1298,11
40,1299,11
41,38,7
41,39,7
41,40,7
41,118,7
41,119,7
41,120,7
41,322,7
41,323,7
41,324,7
41,325,7
41,326,7
41,544,2
41,545,2
41,1297,11
41,1298,11
41,1299,11
42,38,7
42,39,7
42,40,7
42,118,7
42,119,7
42,120,7
42,544,2
42,545,2
42,1297,11
42,1298,11
42,1299,11
42,1300,11
42,1626,4
42,1627,4
43,932,4
43,933,4
43,934,4
43,935,4
43,1297,11
43,1298,11
43,1299,11
43,1300,11
43,1626,4
43,1627,4
44,170,5
44,171,5
44,172,5
44,173,5
44,174,5
44,932,4
44,933,4
44,934,4
44,935,4
44,1297,11
44,1298,11
44,1299,11
44,1300,11
44,1626,4
44,1627,4
45,170,5
45,171,5
45,172,5
45,173,5
45,174,5
45,932,4
45,933,4
45,934,4
45,935,4
45,1298,11
45,1299,11
45,1300,11
45,1301,11
46,170,5
46,171,5
46,172,5
46,173,5
46,174,5
46,932,4
46,933,4
46,934,4
46,935,4
46,1298,11
46,1299,11
47,170,5
47,171,5
47,172,5
47,173,5
47,174,5
47,932,4
47,933,4
47,934,4
47,935,4
50,1845,4
50,1846,4
50,1847,4
50,1890,9
50,1891,9
51,1845,4
51,1846,4
51,1847,4
51,1890,9
51,1891,9
52,1845,4
52,1846,4
52,1847,4
53,1862,9
53,1863,9
54,1862,9
54,1863,9
57,87,7
57,88,7
57,89,7
58,87,7
58,88,7
58,89,7
58,123,7
58,124,7
58,125,7
58,126,7
58,210,5
58,211,5
58,212,5
58,213,5
58,214,5
59,87,7
59,88,7
59,89,7
59,123,7
59,124,7
59,125,7
59,126,7
59,210,5
59,211,5
59,212,5
59,213,5
59,214,5
59,1740,8
59,1741,8
59,1742,8
59,1743,8
60,123,7
60,124,7
60,125,7
60,126,7
60,210,5
60,211,5
60,212,5
60,213,5
60,214,5
60,1740,8
60,1741,8
60,1742,8
60,1743,8
61,210,5
61,211,5
61,212,5
61,213,5
61,214,5
61,1120,6
61,1121,6
61,1122,6
61,1123,6
61,1740,8
61,1741,8
61,1742,8
61,1743,8
62,210,5
62,211,5
62,212,5
62,213,5
62,214,5
62,1120,6
62,1121,6
62,1122,6
62,1123,6
62,1740,8
62,1741,8
62,1742,8
62,1743,8
63,1120,6
63,1121,6
63,1122,6
63,1123,6
64,719,9
64,720,9
64,721,9
64,722,9
64,723,9
64,1120,6
64,1121,6
64,1122,6
64,1123,6
65,719,9
65,720,9
65,721,9
65,722,9
65,723,9
65,1276,10
65,1277,10
65,1278,10
65,1279,10
66,446,4
66,447,4
66,448,4
66,719,9
66,720,9
66,721,9
66,722,9
66,723,9
66,756,12
66,757,12
66,758,12
66,1276,10
66,1277,10
66,1278,10
66,1279,10
67,446,4
67,447,4
67,448,4
67,536,12
67,537,12
67,538,12
67,719,9
67,720,9
67,721,9
67,722,9
67,723,9
67,743,12
67,744,12
67,745,12
67,756,12
67,757,12
67,758,12
67,1276,10
67,1277,10
67,1278,10
67,1279,10
68,446,4
68,447,4
68,448,4
68,536,12
68,537,12
68,538,12
68,743,12
68,744,12
68,745,12
68,756,12
68,757,12
68,758,12
68,929,8
68,930,8
68,1276,10
68,1277,10
68,1278,10
68,1279,10
69,536,12
69,537,12
69,538,12
69,743,12
69,744,12
69,745,12
69,929,8
69,930,8
69,1276,10
69,1277,10
69,1278,10
69,1279,10
69,1868,7
69,1869,7
70,1276,10
70,1277,10
70,1278,10
70,1279,10
70,1868,7
70,1869,7
71,235,8
71,236,8
71,237,8
71,1276,10
71,1277,10
71,1278,10
71,1279,10
72,235,8
72,236,8
72,237,8
72,1267,10
72,1268,10
72,1269,10
72,1270,10
73,235,8
73,236,8
73,237,8
73,264,8
73,265,8
73,1267,10
73,1268,10
73,1269,10
73,1270,10
74,264,8
74,265,8
74,1267,10
74,1268,10
74,1269,10
74,1270,10
75,1267,10
75,1268,10
75,1269,10
75,1270,10
76,703,2
76,704,2
76,705,2
76,1267,10
76,1268,10
76,1269,10
76,1270,10
77,703,2
77,704,2
77,705,2
78,703,2
78,704,2
78,705,2
81,1250,12
81,1251,12
81,1252,12
81,1253,12
81,1840,7
81,1841,7
81,1842,7
82,910,8
82,911,8
82,912,8
82,1250,12
82,1251,12
82,1252,12
82,1253,12
82,1840,7
82,1841,7
82,1842,7
83,910,8
83,911,8
83,912,8
83,1250,12
83,1251,12
83,1252,12
83,1253,12
83,1840,7
83,1841,7
83,1842,7
84,155,8
84,156,8
84,157,8
84,910,8
84,911,8
84,912,8
84,1250,12
84,1251,12
84,1252,12
84,1253,12
85,155,8
85,156,8
85,157,8
85,741,12
85,742,12
85,743,12
86,155,8
86,156,8
86,157,8
86,741,12
86,742,12
86,743,12
87,741,12
87,742,12
87,743,12
94,360,8
94,361,8
95,360,8
95,361,8
96,1015,4
96,1016,4
96,1017,4
96,1018,4
97,1015,4
97,1016,4
97,1017,4
97,1018,4
97,1179,4
97,1180,4
97,1181,4
97,1182,4
97,1204,13
97,1205,13
98,1015,4
98,1016,4
98,1017,4
98,1018,4
98,1179,4
98,1180,4
98,1181,4
98,1182,4
98,1203,13
98,1204,13
98,1205,13
98,1206,13
99,104,9
99,105,9
99,106,9
99,1015,4
99,1016,4
99,1017,4
99,1018,4
99,1179,4
99,1180,4
99,1181,4
99,1182,4
99,1203,13
99,1204,13
99,1205,13
100,104,9
100,105,9
100,106,9
100,1179,4
100,1180,4
100,1181,4
100,1182,4
100,1203,13
100,1204,13
100,1205,13
101,104,9
101,105,9
101,106,9
101,1202,13
101,1203,13
101,1204,13
101,1205,13
102,613,14
102,1203,13
102,1204,13
103,612,14
103,613,14
103,614,14
103,615,14
103,616,14
104,612,14
104,613,14
104,614,14
104,615,14
104,616,14
104,617,14
104,618,14
105,612,14
105,613,14
105,614,14
105,615,14
105,616,14
105,617,14
105,618,14
105,619,14
105,620,14
105,648,2
105,649,2
105,650,2
105,815,2
105,816,2
105,817,2
105,818,2
106,612,14
106,613,14
106,614,14
106,615,14
106,616,14
106,617,14
106,618,14
106,619,14
106,620,14
106,621,14
106,622,14
106,623,14
106,648,2
106,649,2
106,650,2
106,815,2
106,816,2
106,817,2
106,818,2
107,603,14
107,604,14
107,611,14
107,612,14
107,613,14
107,614,14
107,615,14
107,616,14
107,617,14
107,618,14
107,619,14
107,620,14
107,621,14
107,622,14
107,623,14
107,624,14
107,648,2
107,649,2
107,650,2
107,815,2
107,816,2
107,817,2
107,818,2
108,602,14
108,603,14
108,604,14
108,605,14
108,606,14
108,607,14
108,612,14
108,613,14
108,614,14
108,615,14
108,616,14
108,617,14
108,618,14
108,619,14
108,620,14
108,621,14
108,622,14
108,623,14
108,655,1
108,656,1
108,657,1
108,658,1
108,815,2
108,816,2
108,817,2
108,818,2
108,1793,9
108,1794,9
109,602,14
109,603,14
109,604,14
109,605,14
109,606,14
109,607,14
109,608,14
109,609,14
109,614,14
109,615,14
109,616,14
109,617,14
109,618,14
109,619,14
109,620,14
109,621,14
109,622,14
109,623,14
109,655,1
109,656,1
109,657,1
109,658,1
109,1793,9
109,1794,9
110,601,14
110,602,14
110,603,14
110,604,14
110,605,14
110,606,14
110,607,14
110,608,14
110,609,14
110,616,14
110,617,14
110,618,14
110,619,14
110,620,14
110,621,14
110,622,14
110,655,1
110,656,1
110,657,1
110,658,1
111,601,14
111,602,14
111,603,14
111,604,14
111,605,14
111,606,14
111,607,14
111,608,14
111,619,14
111,620,14
111,621,14
111,622,14
111,655,1
111,656,1
111,657,1
111,658,1
112,601,14
112,602,14
112,603,14
112,604,14
112,605,14
112,606,14
112,607,14
112,608,14
112,621,14
113,600,14
113,601,14
113,602,14
113,603,14
113,604,14
113,605,14
113,606,14
113,607,14
113,608,14
114,600,14
114,601,14
114,602,14
114,603,14
114,604,14
114,605,14
114,606,14
114,607,14
115,250,4
115,251,4
115,252,4
115,599,14
115,600,14
115,601,14
115,602,14
115,603,14
115,604,14
115,605,14
115,606,14
115,607,14
116,250,4
116,251,4
116,252,4
116,599,14
116,600,14
116,601,14
116,602,14
116,603,14
116,604,14
116,605,14
116,606,14
116,607,14
117,250,4
117,251,4
117,252,4
117,598,14
117,599,14
117,600,14
117,601,14
117,602,14
117,603,14
117,604,14
117,605,14
117,606,14
118,599,14
118,600,14
118,601,14
118,602,14
118,603,14
118,604,14
118,605,14
118,606,14
119,602,14
119,603,14
119,604,14
119,605,14
119,606,14
120,605,14
124,555,9
124,556,9
124,557,9
124,558,9
125,555,9
125,556,9
125,557,9
125,558,9
126,555,9
126,556,9
126,557,9
126,558,9
127,778,1
127,779,1
127,780,1
127,781,1
127,782,1
127,783,1
128,778,1
128,779,1
128,780,1
128,781,1
128,782,1
128,783,1
129,517,8
129,518,8
129,778,1
129,779,1
129,780,1
129,781,1
129,782,1
129,783,1
130,517,8
130,518,8
130,778,1
130,779,1
130,780,1
130,781,1
130,782,1
130,783,1
131,778,1
131,779,1
131,780,1
131,781,1
131,782,1
131,783,1
135,1293,10
135,1294,10
135,1295,10
135,1296,10
135,1297,10
136,1293,10
136,1294,10
136,1295,10
136,1296,10
136,1297,10
136,1840,8
136,1841,8
137,1293,10
137,1294,10
137,1295,10
137,1296,10
137,1297,10
137,1840,8
137,1841,8
138,1293,10
138,1294,10
138,1295,10
138,1296,10
138,1297,10
139,1293,10
139,1294,10
139,1295,10
139,1296,10
139,1297,10
140,1293,10
140,1294,10
140,1295,10
140,1296,10
140,1297,10
143,238,12
143,239,12
143,240,12
143,1048,5
143,1049,5
143,1050,5
144,238,12
144,239,12
144,240,12
144,265,15
144,477,8
144,478,8
144,1048,5
144,1049,5
144,1050,5
145,238,12
145,239,12
145,240,12
145,264,15
145,265,15
145,266,15
145,477,8
145,478,8
145,1048,5
145,1049,5
145,1050,5
146,262,15
146,263,15
146,264,15
146,265,15
146,266,15
147,260,15
147,261,15
147,262,15
147,263,15
147,264,15
147,265,15
147,266,15
147,267,15
147,1836,8
147,1837,8
147,1838,8
148,259,15
148,260,15
148,261,15
148,262,15
148,263,15
148,264,15
148,265,15
148,266,15
148,267,15
148,268,15
148,1836,8
148,1837,8
148,1838,8
149,257,15
149,258,15
149,259,15
149,260,15
149,261,15
149,262,15
149,263,15
149,264,15
149,265,15
149,266,15
149,267,15
149,268,15
149,907,8
149,908,8
149,909,8
149,1836,8
149,1837,8
149,1838,8
150,255,15
150,256,15
150,257,15
150,258,15
150,259,15
150,260,15
150,261,15
150,262,15
150,263,15
150,264,15
150,265,15
150,266,15
150,267,15
150,268,15
150,269,15
150,907,8
150,908,8
150,909,8
151,254,15
151,255,15
151,256,15
151,257,15
151,258,15
151,259,15
151,260,15
151,261,15
151,262,15
151,263,15
151,264,15
151,265,15
151,266,15
151,267,15
151,268,15
151,279,15
151,907,8
151,908,8
151,909,8
152,253,15
152,254,15
152,255,15
152,256,15
152,257,15
152,258,15
152,259,15
152,260,15
152,261,15
152,262,15
152,263,15
152,264,15
152,265,15
152,266,15
152,267,15
152,278,15
152,279,15
152,280,15
153,254,15
153,255,15
153,256,15
153,257,15
153,258,15
153,259,15
153,260,15
153,261,15
153,262,15
153,263,15
153,264,15
153,265,15
153,278,15
153,279,15
153,280,15
153,281,15
154,254,15
154,255,15
154,256,15
154,257,15
154,258,15
154,259,15
154,260,15
154,261,15
154,262,15
154,263,15
154,279,15
154,280,15
154,281,15
155,255,15
155,256,15
155,257,15
155,258,15
155,259,15
155,260,15
155,261,15
155,262,15
155,280,15
155,281,15
155,282,15
156,256,15
156,257,15
156,258,15
156,259,15
156,260,15
156,280,15
156,281,15
156,282,15
156,849,12
156,850,12
157,256,15
157,257,15
157,258,15
157,281,15
157,282,15
157,283,15
157,504,8
157,505,8
157,506,8
157,849,12
157,850,12
158,257,15
158,282,15
158,283,15
158,284,15
158,504,8
158,505,8
158,506,8
159,282,15
159,283,15
159,284,15
159,504,8
159,505,8
159,506,8
160,283,15
160,284,15
160,285,15
161,278,3
161,284,15
161,285,15
161,286,15
162,276,3
162,277,3
162,278,3
162,279,3
162,284,15
162,285,15
162,286,15
162,1002,8
162,1003,8
162,1004,8
163,275,3
163,276,3
163,277,3
163,278,3
163,279,3
163,280,3
163,285,15
163,286,15
163,287,15
163,1002,8
163,1003,8
163,1004,8
164,273,3
164,274,3
164,275,3
164,276,3
164,277,3
164,278,3
164,279,3
164,280,3
164,286,15
164,287,15
164,288,15
164,1002,8
164,1003,8
164,1004,8
165,271,3
165,272,3
165,273,3
165,274,3
165,275,3
165,276,3
165,277,3
165,278,3
165,279,3
165,280,3
165,281,3
165,286,15
165,287,15
165,288,15
165,398,1
165,399,1
165,400,1
166,270,3
166,271,3
166,272,3
166,273,3
166,274,3
166,275,3
166,276,3
166,277,3
166,278,3
166,279,3
166,280,3
166,281,3
166,287,15
166,288,15
166,289,15
166,398,1
166,399,1
166,400,1
167,271,3
167,272,3
167,273,3
167,274,3
167,275,3
167,276,3
167,277,3
167,278,3
167,279,3
167,280,3
167,281,3
167,282,3
167,288,15
167,289,15
167,398,1
167,399,1
167,400,1
167,896,8
167,897,8
167,898,8
168,272,3
168,273,3
168,274,3
168,275,3
168,276,3
168,277,3
168,278,3
168,279,3
168,280,3
168,281,3
168,282,3
168,283,3
168,288,15
168,289,15
168,290,15
168,896,8
168,897,8
168,898,8
169,272,3
169,273,3
169,274,3
169,275,3
169,276,3
169,277,3
169,278,3
169,279,3
169,280,3
169,281,3
169,282,3
169,289,15
169,290,15
169,291,15
169,896,8
169,897,8
169,898,8
170,273,3
170,274,3
170,275,3
170,276,3
170,277,3
170,278,3
170,279,3
170,280,3
170,290,15
170,291,15
171,71,7
171,72,7
171,273,3
171,274,3
171,275,3
171,276,3
171,277,3
171,278,3
171,279,3
171,290,15
171,291,15
171,292,15
171,1018,1
171,1019,1
171,1020,1
171,1021,1
171,1022,1
171,1030,6
171,1031,6
171,1071,8
171,1072,8
171,1073,8
171,1145,5
171,1146,5
171,1147,5
171,1148,5
172,71,7
172,72,7
172,274,3
172,275,3
172,276,3
172,277,3
172,291,15
172,292,15
172,293,15
172,1018,1
172,1019,1
172,1020,1
172,1021,1
172,1022,1
172,1030,6
172,1031,6
172,1071,8
172,1072,8
172,1073,8
172,1145,5
172,1146,5
172,1147,5
172,1148,5
173,275,3
173,286,3
173,292,15
173,1018,1
173,1019,1
173,1020,1
173,1021,1
173,1022,1
173,1030,6
173,1031,6
173,1071,8
173,1072,8
173,1073,8
173,1145,5
173,1146,5
173,1147,5
173,1148,5
174,284,3
174,285,3
174,286,3
174,287,3
174,1018,1
174,1019,1
174,1020,1
174,1021,1
174,1022,1
174,1030,6
174,1031,6
174,1145,5
174,1146,5
174,1147,5
174,1148,5
175,283,3
175,284,3
175,285,3
175,286,3
175,287,3
175,836,12
175,837,12
175,838,12
175,1018,1
175,1019,1
175,1020,1
175,1021,1
175,1022,1
175,1026,6
175,1027,6
176,209,1
176,210,1
176,211,1
176,212,1
176,213,1
176,282,3
176,283,3
176,284,3
176,285,3
176,286,3
176,287,3
176,288,3
176,836,12
176,837,12
176,838,12
176,1026,6
176,1027,6
177,209,1
177,210,1
177,211,1
177,212,1
177,213,1
177,283,3
177,284,3
177,285,3
177,286,3
177,287,3
177,288,3
177,289,3
177,836,12
177,837,12
177,838,12
178,209,1
178,210,1
178,211,1
178,212,1
178,213,1
178,283,3
178,284,3
178,285,3
178,286,3
178,287,3
178,288,3
178,289,3
179,209,1
179,210,1
179,211,1
179,212,1
179,213,1
179,284,3
179,285,3
179,286,3
179,287,3
179,288,3
179,289,3
179,290,3
179,1343,11
179,1344,11
179,1345,11
180,209,1
180,210,1
180,211,1
180,212,1
180,213,1
180,285,3
180,286,3
180,287,3
180,288,3
180,289,3
180,290,3
180,1343,11
180,1344,11
180,1345,11
181,285,3
181,286,3
181,287,3
181,288,3
181,289,3
181,290,3
181,291,3
181,1344,11
181,1345,11
181,1346,11
182,46,9
182,47,9
182,48,9
182,286,3
182,287,3
182,288,3
182,289,3
182,290,3
182,291,3
182,461,2
182,462,2
182,463,2
182,1344,11
182,1345,11
182,1346,11
183,46,9
183,47,9
183,48,9
183,286,3
183,287,3
183,288,3
183,289,3
183,290,3
183,291,3
183,292,3
183,461,2
183,462,2
183,463,2
183,1344,11
183,1345,11
183,1346,11
184,46,9
184,47,9
184,48,9
184,287,3
184,288,3
184,289,3
184,290,3
184,291,3
184,292,3
184,293,3
184,461,2
184,462,2
184,463,2
184,1344,11
184,1345,11
184,1346,11
184,1347,11
185,287,3
185,288,3
185,289,3
185,290,3
185,291,3
185,292,3
185,293,3
185,1345,11
185,1346,11
185,1347,11
186,288,3
186,289,3
186,290,3
186,291,3
186,292,3
186,293,3
186,294,3
186,1345,11
186,1346,11
187,289,3
187,290,3
187,291,3
187,292,3
187,293,3
187,975,4
187,976,4
187,977,4
188,289,3
188,290,3
188,291,3
188,292,3
188,354,2
188,355,2
188,975,4
188,976,4
188,977,4
188,1309,10
188,1310,10
188,1311,10
188,1312,10
189,290,3
189,354,2
189,355,2
189,727,12
189,728,12
189,729,12
189,975,4
189,976,4
189,977,4
189,1309,10
189,1310,10
189,1311,10
189,1312,10
190,354,2
190,355,2
190,727,12
190,728,12
190,729,12
190,954,6
190,1309,10
190,1310,10
190,1311,10
190,1312,10
191,727,12
191,728,12
191,729,12
191,953,6
191,954,6
191,955,6
191,1309,10
191,1310,10
191,1311,10
191,1312,10
192,953,6
192,954,6
192,955,6
192,956,6
193,953,6
193,954,6
193,955,6
193,956,6
194,952,6
194,953,6
194,954,6
194,955,6
195,952,6
195,953,6
195,954,6
195,955,6
195,956,6
195,957,6
195,971,6
195,972,6
195,973,6
195,974,6
195,975,6
195,976,6
195,977,6
196,951,6
196,952,6
196,953,6
196,954,6
196,955,6
196,956,6
196,957,6
196,971,6
196,972,6
196,973,6
196,974,6
196,975,6
196,976,6
196,977,6
197,951,6
197,952,6
197,953,6
197,954,6
197,955,6
197,956,6
197,957,6
197,971,6
197,972,6
197,973,6
197,974,6
197,975,6
197,976,6
197,977,6
198,951,6
198,952,6
198,953,6
198,954,6
198,955,6
198,956,6
198,957,6
198,971,6
198,972,6
198,973,6
198,974,6
198,975,6
198,976,6
198,977,6
199,950,6
199,951,6
199,952,6
199,953,6
199,954,6
199,955,6
199,956,6
199,957,6
200,520,9
200,521,9
200,522,9
200,950,6
200,951,6
200,952,6
200,953,6
200,954,6
200,955,6
200,956,6
200,957,6
201,520,9
201,521,9
201,522,9
201,950,6
201,951,6
201,952,6
201,953,6
201,954,6
201,955,6
201,956,6
201,957,6
201,1053,8
201,1054,8
201,1055,8
202,949,6
202,950,6
202,955,6
202,956,6
202,957,6
202,1053,8
202,1054,8
202,1055,8
203,246,2
203,247,2
203,963,6
203,964,6
203,965,6
203,966,6
203,967,6
203,968,6
203,969,6
203,1053,8
203,1054,8
203,1055,8
204,246,2
204,247,2
204,354,2
204,355,2
204,963,6
204,964,6
204,965,6
204,966,6
204,967,6
204,968,6
204,969,6
205,38,7
205,39,7
205,246,2
205,247,2
205,354,2
205,355,2
205,963,6
205,964,6
205,965,6
205,966,6
205,967,6
205,968,6
205,969,6
206,38,7
206,39,7
206,246,2
206,247,2
206,354,2
206,355,2
206,427,4
206,428,4
206,429,4
207,427,4
207,428,4
207,429,4
208,427,4
208,428,4
208,429,4
208,968,6
208,969,6
208,970,6
208,971,6
208,972,6
208,973,6
209,23,9
209,24,9
209,25,9
209,26,9
209,968,6
209,969,6
209,970,6
209,971,6
209,972,6
209,973,6
210,23,9
210,24,9
210,25,9
210,26,9
210,968,6
210,969,6
210,970,6
210,971,6
210,972,6
210,973,6
211,23,9
211,24,9
211,25,9
211,26,9
211,968,6
211,969,6
211,970,6
211,971,6
211,972,6
211,1124,1
211,1125,1
211,1126,1
211,1127,1
211,1128,1
212,23,9
212,24,9
212,25,9
212,26,9
212,968,6
212,969,6
212,970,6
212,971,6
212,972,6
212,1124,1
212,1125,1
212,1126,1
212,1127,1
212,1128,1
213,968,6
213,969,6
213,970,6
213,971,6
213,972,6
213,1124,1
213,1125,1
213,1126,1
213,1127,1
213,1128,1
214,332,2
214,333,2
214,334,2
214,1124,1
214,1125,1
214,1126,1
214,1127,1
214,1128,1
215,332,2
215,333,2
215,334,2
216,539,5
216,540,5
216,541,5
216,542,5
217,539,5
217,540,5
217,541,5
217,542,5
218,539,5
218,540,5
218,541,5
218,542,5
219,60,7
219,61,7
219,62,7
219,1258,12
219,1259,12
219,1260,12
219,1261,12
220,60,7
220,61,7
220,62,7
220,1173,13
220,1174,13
220,1258,12
220,1259,12
220,1260,12
220,1261,12
221,60,7
221,61,7
221,62,7
221,823,5
221,824,5
221,825,5
221,826,5
221,1172,13
221,1173,13
221,1174,13
221,1175,13
221,1176,13
221,1235,12
221,1236,12
221,1237,12
221,1258,12
221,1259,12
221,1260,12
221,1261,12
222,823,5
222,824,5
222,825,5
222,826,5
222,1172,13
222,1173,13
222,1174,13
222,1175,13
222,1235,12
222,1236,12
222,1237,12
223,684,12
223,685,12
223,686,12
223,823,5
223,824,5
223,825,5
223,826,5
223,1172,13
223,1173,13
223,1174,13
223,1175,13
223,1235,12
223,1236,12
223,1237,12
223,1843,9
223,1844,9
223,1845,9
224,65,7
224,66,7
224,67,7
224,684,12
224,685,12
224,686,12
224,1171,13
224,1172,13
224,1173,13
224,1174,13
224,1175,13
224,1195,9
224,1196,9
224,1843,9
224,1844,9
224,1845,9
225,65,7
225,66,7
225,67,7
225,684,12
225,685,12
225,686,12
225,997,8
225,998,8
225,999,8
225,1171,13
225,1172,13
225,1173,13
225,1174,13
225,1195,9
225,1196,9
225,1843,9
225,1844,9
225,1845,9
226,65,7
226,66,7
226,67,7
226,997,8
226,998,8
226,999,8
226,1171,13
226,1172,13
226,1173,13
226,1174,13
226,1195,9
226,1196,9
226,1843,9
226,1844,9
226,1845,9
227,997,8
227,998,8
227,999,8
227,1170,13
227,1171,13
227,1172,13
227,1173,13
227,1174,13
227,1843,9
227,1844,9
227,1845,9
228,1172,13
228,1173,13
228,1355,11
228,1356,11
229,1118,8
229,1119,8
229,1120,8
229,1353,11
229,1354,11
229,1355,11
229,1356,11
230,1118,8
230,1119,8
230,1120,8
230,1353,11
230,1354,11
230,1355,11
230,1356,11
230,1357,11
230,1816,8
230,1817,8
231,1118,8
231,1119,8
231,1120,8
231,1354,11
231,1355,11
231,1356,11
231,1357,11
231,1816,8
231,1817,8
232,1354,11
232,1355,11
232,1356,11
232,1357,11
233,547,5
233,548,5
233,549,5
233,550,5
233,551,5
233,1354,11
233,1355,11
233,1356,11
233,1357,11
234,547,5
234,548,5
234,549,5
234,550,5
234,551,5
234,1354,11
234,1355,11
234,1356,11
234,1357,11
235,547,5
235,548,5
235,549,5
235,550,5
235,551,5
235,1354,11
235,1355,11
235,1356,11
235,1357,11
235,1358,11
236,1355,11
236,1356,11
236,1357,11
236,1358,11
237,1355,11
237,1356,11
237,1357,11
237,1358,11
238,1160,13
238,1161,13
238,1355,11
238,1356,11
238,1357,11
238,1358,11
239,1159,13
239,1160,13
239,1161,13
239,1162,13
239,1355,11
239,1356,11
239,1357,11
239,1358,11
239,1359,11
240,1151,13
240,1152,13
240,1153,13
240,1154,13
240,1159,13
240,1160,13
240,1161,13
240,1162,13
240,1356,11
240,1357,11
240,1358,11
240,1359,11
241,1151,13
241,1152,13
241,1153,13
241,1154,13
241,1159,13
241,1160,13
241,1161,13
241,1356,11
241,1357,11
242,951,4
242,952,4
242,953,4
242,1150,13
242,1151,13
242,1152,13
242,1153,13
242,1160,13
242,1161,13
243,289,9
243,290,9
243,951,4
243,952,4
243,953,4
243,1150,13
243,1151,13
243,1152,13
243,1153,13
243,1194,9
243,1195,9
243,1270,12
243,1271,12
243,1272,12
244,289,9
244,290,9
244,951,4
244,952,4
244,953,4
244,1150,13
244,1151,13
244,1152,13
244,1194,9
244,1195,9
244,1270,12
244,1271,12
244,1272,12
245,1150,13
245,1151,13
245,1152,13
245,1270,12
245,1271,12
245,1272,12
246,1149,13
246,1150,13
246,1151,13
246,1152,13
246,1165,13
246,1166,13
246,1167,13
247,1149,13
247,1150,13
247,1151,13
247,1164,13
247,1165,13
247,1166,13
247,1167,13
248,219,7
248,220,7
248,221,7
248,721,4
248,722,4
248,723,4
248,1150,13
248,1151,13
248,1164,13
248,1165,13
248,1166,13
248,1853,9
248,1854,9
248,1855,9
249,219,7
249,220,7
249,221,7
249,721,4
249,722,4
249,723,4
249,1164,13
249,1165,13
249,1166,13
249,1256,12
249,1257,12
249,1258,12
249,1259,12
249,1853,9
249,1854,9
249,1855,9
250,219,7
250,220,7
250,221,7
250,721,4
250,722,4
250,723,4
250,867,4
250,868,4
250,869,4
250,1163,13
250,1164,13
250,1165,13
250,1166,13
250,1170,13
250,1171,13
250,1256,12
250,1257,12
250,1258,12
250,1259,12
250,1853,9
250,1854,9
250,1855,9
251,786,5
251,787,5
251,788,5
251,867,4
251,868,4
251,869,4
251,1163,13
251,1164,13
251,1165,13
251,1169,13
251,1170,13
251,1171,13
251,1172,13
251,1173,13
251,1256,12
251,1257,12
251,1258,12
251,1259,12
252,786,5
252,787,5
252,788,5
252,867,4
252,868,4
252,869,4
252,1163,13
252,1164,13
252,1165,13
252,1169,13
252,1170,13
252,1171,13
252,1172,13
252,1173,13
252,1256,12
252,1257,12
252,1258,12
252,1259,12
253,786,5
253,787,5
253,788,5
253,1162,13
253,1163,13
253,1164,13
253,1165,13
253,1169,13
253,1170,13
253,1171,13
253,1172,13
254,1162,13
254,1163,13
254,1164,13
254,1168,13
254,1169,13
254,1170,13
254,1171,13
254,1172,13
255,66,1
255,67,1
255,68,1
255,69,1
255,70,1
255,71,1
255,72,1
255,73,1
255,1163,13
255,1164,13
255,1168,13
255,1169,13
255,1170,13
255,1171,13
256,66,1
256,67,1
256,68,1
256,69,1
256,70,1
256,71,1
256,72,1
256,73,1
256,1170,13
256,1171,13
257,66,1
257,67,1
257,68,1
257,69,1
257,70,1
257,71,1
257,72,1
257,73,1
258,66,1
258,67,1
258,68,1
258,69,1
258,70,1
258,71,1
258,72,1
258,73,1
258,522,4
258,523,4
258,524,4
259,66,1
259,67,1
259,68,1
259,69,1
259,70,1
259,71,1
259,72,1
259,73,1
259,522,4
259,523,4
259,524,4
260,66,1
260,67,1
260,68,1
260,69,1
260,70,1
260,71,1
260,72,1
260,73,1
260,405,12
260,406,12
260,407,12
260,522,4
260,523,4
260,524,4
261,405,12
261,406,12
261,407,12
261,558,7
261,559,7
261,560,7
262,405,12
262,406,12
262,407,12
262,558,7
262,559,7
262,560,7
263,558,7
263,559,7
263,560,7
265,688,12
265,689,12
265,690,12
265,691,12
266,688,12
266,689,12
266,690,12
266,691,12
266,1786,10
266,1787,10
266,1788,10
266,1789,10
267,688,12
267,689,12
267,690,12
267,691,12
267,1786,10
267,1787,10
267,1788,10
267,1789,10
268,688,12
268,689,12
268,690,12
268,691,12
268,1786,10
268,1787,10
268,1788,10
268,1789,10
269,13,7
269,14,7
269,15,7
269,1786,10
269,1787,10
269,1788,10
269,1789,10
270,13,7
270,14,7
270,15,7
271,13,7
271,14,7
271,15,7
271,117,4
271,118,4
271,119,4
272,117,4
272,118,4
272,119,4
272,1008,2
272,1009,2
273,1008,2
273,1009,2
274,396,8
274,397,8
274,1324,2
274,1325,2
274,1326,2
274,1327,2
274,1328,2
275,396,8
275,397,8
275,1324,2
275,1325,2
275,1326,2
275,1327,2
275,1328,2
276,1324,2
276,1325,2
276,1326,2
276,1327,2
276,1328,2
277,1259,13
277,1260,13
277,1324,2
277,1325,2
277,1326,2
277,1327,2
277,1328,2
278,1257,13
278,1258,13
278,1259,13
278,1260,13
278,1324,2
278,1325,2
278,1326,2
278,1327,2
278,1328,2
279,999,12
279,1000,12
279,1257,13
279,1258,13
279,1259,13
279,1260,13
280,999,12
280,1000,12
280,1257,13
280,1258,13
280,1259,13
280,1260,13
281,711,7
281,712,7
281,1258,13
281,1259,13
281,1260,13
281,1261,13
282,711,7
282,712,7
282,1091,8
282,1092,8
282,1093,8
282,1258,13
282,1259,13
282,1260,13
282,1261,13
283,552,7
283,553,7
283,554,7
283,1091,8
283,1092,8
283,1093,8
283,1258,13
283,1259,13
283,1260,13
283,1261,13
284,552,7
284,553,7
284,554,7
284,565,7
284,566,7
284,772,9
284,773,9
284,1091,8
284,1092,8
284,1093,8
284,1444,11
285,552,7
285,553,7
285,554,7
285,565,7
285,566,7
285,772,9
285,773,9
285,1443,11
285,1444,11
285,1445,11
286,1442,11
286,1443,11
286,1444,11
286,1445,11
287,1441,11
287,1442,11
287,1443,11
287,1444,11
288,1441,11
288,1442,11
288,1443,11
289,321,4
289,322,4
289,323,4
289,338,7
289,339,7
289,340,7
289,442,7
289,443,7
289,444,7
289,1442,11
290,321,4
290,322,4
290,323,4
290,338,7
290,339,7
290,340,7
290,442,7
290,443,7
290,444,7
291,321,4
291,322,4
291,323,4
291,338,7
291,339,7
291,340,7
291,442,7
291,443,7
291,444,7
293,78,2
293,79,2
293,80,2
293,81,2
293,1372,11
293,1373,11
293,1374,11
294,78,2
294,79,2
294,80,2
294,81,2
294,1370,11
294,1371,11
294,1372,11
294,1373,11
294,1374,11
294,1832,10
294,1833,10
294,1834,10
294,1835,10
294,1836,10
295,78,2
295,79,2
295,80,2
295,81,2
295,1370,11
295,1371,11
295,1372,11
295,1373,11
295,1374,11
295,1832,10
295,1833,10
295,1834,10
295,1835,10
295,1836,10
296,78,2
296,79,2
296,80,2
296,81,2
296,1371,11
296,1372,11
296,1373,11
296,1374,11
296,1375,11
296,1832,10
296,1833,10
296,1834,10
296,1835,10
296,1836,10
297,194,2
297,195,2
297,1371,11
297,1372,11
297,1373,11
297,1374,11
297,1375,11
297,1832,10
297,1833,10
297,1834,10
297,1835,10
297,1836,10
298,194,2
298,195,2
298,812,9
298,813,9
298,814,9
298,1372,11
298,1373,11
298,1374,11
298,1375,11
298,1832,10
298,1833,10
298,1834,10
298,1835,10
298,1836,10
299,194,2
299,195,2
299,812,9
299,813,9
299,814,9
299,1372,11
299,1373,11
299,1374,11
299,1375,11
300,812,9
300,813,9
300,814,9
300,1372,11
300,1373,11
300,1374,11
300,1375,11
300,1376,11
301,1373,11
301,1374,11
301,1375,11
301,1376,11
302,1196,2
302,1197,2
302,1198,2
302,1373,11
302,1374,11
303,992,5
303,993,5
303,994,5
303,995,5
303,1196,2
303,1197,2
303,1198,2
304,992,5
304,993,5
304,994,5
304,995,5
304,1076,8
304,1077,8
304,1078,8
304,1146,12
304,1147,12
304,1148,12
304,1149,12
304,1196,2
304,1197,2
304,1198,2
305,992,5
305,993,5
305,994,5
305,995,5
305,1076,8
305,1077,8
305,1078,8
305,1146,12
305,1147,12
305,1148,12
305,1149,12
305,1847,10
305,1848,10
305,1849,10
305,1850,10
305,1851,10
306,992,5
306,993,5
306,994,5
306,995,5
306,1076,8
306,1077,8
306,1078,8
306,1146,12
306,1147,12
306,1148,12
306,1149,12
306,1847,10
306,1848,10
306,1849,10
306,1850,10
306,1851,10
307,493,7
307,494,7
307,495,7
307,1146,12
307,1147,12
307,1148,12
307,1149,12
307,1847,10
307,1848,10
307,1849,10
307,1850,10
307,1851,10
308,493,7
308,494,7
308,495,7
308,1847,10
308,1848,10
308,1849,10
308,1850,10
308,1851,10
309,493,7
309,494,7
309,495,7
309,1216,2
309,1217,2
309,1218,2
309,1720,9
309,1721,9
309,1847,10
309,1848,10
309,1849,10
309,1850,10
309,1851,10
310,1216,2
310,1217,2
310,1218,2
310,1720,9
310,1721,9
311,1216,2
311,1217,2
311,1218,2
311,1253,9
311,1254,9
311,1255,9
312,1253,9
312,1254,9
312,1255,9
313,1010,5
313,1011,5
313,1012,5
313,1253,9
313,1254,9
313,1255,9
313,1422,11
313,1423,11
314,1010,5
314,1011,5
314,1012,5
314,1422,11
314,1423,11
315,1010,5
315,1011,5
315,1012,5
316,1010,5
316,1011,5
316,1012,5
319,167,2
319,168,2
320,167,2
320,168,2
320,1015,5
320,1016,5
320,1017,5
320,1018,5
321,1015,5
321,1016,5
321,1017,5
321,1018,5
322,1015,5
322,1016,5
322,1017,5
322,1018,5
323,977,5
323,978,5
323,979,5
324,977,5
324,978,5
324,979,5
324,1877,10
324,1878,10
324,1879,10
324,1880,10
325,977,5
325,978,5
325,979,5
325,1877,10
325,1878,10
325,1879,10
325,1880,10
326,977,5
326,978,5
326,979,5
326,1052,4
326,1053,4
326,1054,4
326,1055,4
326,1877,10
326,1878,10
326,1879,10
326,1880,10
327,470,7
327,471,7
327,472,7
327,1052,4
327,1053,4
327,1054,4
327,1055,4
327,1217,8
327,1218,8
327,1219,8
327,1713,9
327,1714,9
327,1877,10
327,1878,10
327,1879,10
327,1880,10
328,184,7
328,185,7
328,186,7
328,213,9
328,214,9
328,215,9
328,216,9
328,470,7
328,471,7
328,472,7
328,1052,4
328,1053,4
328,1054,4
328,1055,4
328,1217,8
328,1218,8
328,1219,8
328,1713,9
328,1714,9
329,184,7
329,185,7
329,186,7
329,213,9
329,214,9
329,215,9
329,216,9
329,470,7
329,471,7
329,472,7
329,1052,4
329,1053,4
329,1054,4
329,1055,4
329,1217,8
329,1218,8
329,1219,8
330,213,9
330,214,9
330,215,9
330,216,9
330,983,5
330,984,5
330,985,5
330,986,5
331,749,7
331,750,7
331,751,7
331,983,5
331,984,5
331,985,5
331,986,5
332,749,7
332,750,7
332,751,7
332,983,5
332,984,5
332,985,5
332,986,5
333,749,7
333,750,7
333,751,7
333,983,5
333,984,5
333,985,5
333,986,5
336,779,7
336,780,7
337,779,7
337,780,7
340,1181,8
340,1182,8
341,1181,8
341,1182,8
